mileage,vehicle_score
5.4,1
5.6,1
6.2,1
6.7,1
7.1,1
7.9,1
8.1,1
8.3,1
8.5,1
8.8,1
9.6,1
10.2,2
10.5,1
10.8,2
11.2,2
11.3,2
11.5,1
11.8,2
11.9,2
12.2,2
12.4,2
12.6,2
12.8,2
12.9,2
13.3,2
13.5,2
13.7,2
14.1,2
14.2,2
14.5,2
14.6,3
14.7,2
14.9,3
15.0,3
15.1,2
15.4,3
15.6,3
15.8,3
16.0,3
16.4,3
16.6,3
16.7,3
16.8,3
17.5,3
17.9,3
18.1,3
18.3,3
18.5,3
18.9,3
19.4,3
19.6,4
19.8,4
20.2,4
20.5,4
20.8,3
21.3,4
21.5,4
21.8,4
21.9,4
22.2,4
22.4,4
22.6,4
22.8,4
22.9,4
23.3,4
24.0,4
24.2,4
24.5,4
24.6,4
24.7,4
24.9,4
25.0,4
25.1,4
25.4,4
25.6,5
26.0,4
26.4,4
26.7,4
27.1,5
27.2,5
27.5,4
27.6,5
27.8,5
27.9,5
28.1,5
28.3,5
28.5,5
28.6,5
28.8,5
29.0,5
29.1,5
29.2,5
29.4,5
29.5,5
29.6,5
29.6,5
29.7,5
29.8,5
29.9,5
29.9,5
